INSERT INTO `faqs` (`id`, `status`, `order`, `created_at`, `updated_at`) VALUES
(1, 1, NULL, '2021-08-31 10:06:18', '2021-08-31 10:06:18'),
(2, 1, NULL, '2021-08-31 10:09:26', '2021-08-31 10:09:26'),
(3, 1, NULL, '2021-08-31 10:09:39', '2021-08-31 10:09:39'),
(4, 1, NULL, '2021-09-05 15:47:59', '2021-09-05 15:47:59'),
(5, 1, NULL, '2021-09-05 15:58:05', '2021-09-05 15:58:05');


INSERT INTO `faq_translations` (`id`, `faq_id`, `locale`, `question`, `answer`, `created_at`, `updated_at`) VALUES
(1, 1, 'English', 'How to open an account?', 'Account opening is very easy. Just need to click Sign Up and enter some initial details for opening account. After that you need to verify your email address and that\'s ready to go.', '2021-08-31 10:07:50', '2021-09-05 15:37:10'),
(2, 2, 'English', 'How to deposit money?', 'You can deposit money via online payment gateway such as PayPal, Stripe, Razorpay, Paystack, Flutterwave as well as BlockChain for bitcoin. You can also deposit money by coming to our office physically.', '2021-08-31 10:09:26', '2021-09-05 15:38:39'),
(3, 3, 'English', 'How to withdraw money from my account?', 'We have different types of withdraw method. You can withdraw money to your bank account as well as your mobile banking account.', '2021-08-31 10:09:39', '2021-09-05 15:47:11'),
(7, 4, 'English', 'How to Apply for Loan?', 'You can apply loan based on your collateral.', '2021-09-05 15:47:59', '2021-09-05 15:47:59'),
(8, 5, 'English', 'How to Apply for Fixed Deposit?', 'If you have available balance in your account then you can apply for fixed deposit.', '2021-09-05 15:58:05', '2021-09-05 15:58:05');


INSERT INTO `fdr_plans` (`id`, `name`, `minimum_amount`, `maximum_amount`, `interest_rate`, `duration`, `duration_type`, `status`, `description`, `created_at`, `updated_at`) VALUES
(1, 'Basic', '10.00', '500.00', '8.00', 12, 'month', 1, NULL, '2021-08-09 14:34:14', '2021-09-05 13:39:27'),
(2, 'Standard', '100.00', '1000.00', '10.00', 24, 'month', 1, NULL, '2021-09-05 13:39:11', '2021-09-05 13:39:34'),
(3, 'Professional', '500.00', '20000.00', '15.00', 36, 'month', 1, NULL, '2021-09-05 13:40:06', '2021-09-05 13:40:06');



INSERT INTO `loan_products` (`id`, `name`, `minimum_amount`, `maximum_amount`, `description`, `interest_rate`, `interest_type`, `term`, `term_period`, `status`, `created_at`, `updated_at`) VALUES
(1, 'Student Loan', '100.00', '1000.00', NULL, '5.00', 'flat_rate', 24, '+1 month', 1, '2021-08-09 11:06:19', '2021-08-10 07:47:20'),
(2, 'Business Loan', '1000.00', '100000.00', NULL, '12.00', 'mortgage', 12, '+1 month', 1, '2021-08-09 11:05:37', '2021-08-10 07:47:10'),
(3, 'Enterprise Loan', '5000.00', '50000.00', NULL, '12.00', 'mortgage', 36, '+1 month', 1, '2021-09-05 13:42:11', '2021-09-05 13:42:11');



INSERT INTO `pages` (`id`, `slug`, `status`, `created_at`, `updated_at`) VALUES
(1, 'privacy-policy', 1, '2021-08-31 10:42:32', '2021-08-31 10:42:32'),
(2, 'terms-condition', 1, '2021-08-31 10:44:42', '2021-08-31 10:44:42');


INSERT INTO `page_translations` (`id`, `page_id`, `locale`, `title`, `body`, `created_at`, `updated_at`) VALUES
(1, 1, 'English', 'Privacy Policy', '<h3>Information We Collect</h3>\n<p>Information we collect includes both information you knowingly and actively provide us when using or participating in any of our services and promotions, and any information automatically sent by your devices in the course of accessing our products and services.</p>\n<h4>Log Data</h4>\n<p>When you visit our website, our servers may automatically log the standard data provided by your web browser. It may include your device’s Internet Protocol (IP) address, your browser type and version, the pages you visit, the time and date of your visit, the time spent on each page, other details about your visit, and technical details that occur in conjunction with any errors you may encounter.</p>\n<p>Please be aware that while this information may not be personally identifying by itself, it may be possible to combine it with other data to personally identify individual persons.</p>\n<h4>Personal Information</h4>\n<p>We may ask for personal information which may include one or more of the following:</p>\n<ul>\n<li>Name</li>\n<li>Email</li>\n<li>Date of birth</li>\n<li>Phone/mobile number</li>\n</ul>\n<h4>Legitimate Reasons for Processing Your Personal Information</h4>\n<p>We only collect and use your personal information when we have a legitimate reason for doing so. In which instance, we only collect personal information that is reasonably necessary to provide our services to you.</p>\n<h4>Collection and Use of Information</h4>\n<p>We may collect personal information from you when you do any of the following on our website:</p>\n<ul>\n<li>Sign up to receive updates from us via email or social media channels</li>\n<li>Use a mobile device or web browser to access our content</li>\n<li>Contact us via email, social media, or on any similar technologies</li>\n<li>When you mention us on social media</li>\n</ul>\n<p>We may collect, hold, use, and disclose information for the following purposes, and personal information will not be further processed in a manner that is incompatible with these purposes:</p>\n<p>We may collect, hold, use, and disclose information for the following purposes, and personal information will not be further processed in a manner that is incompatible with these purposes:</p>\n<ul>\n<li>to contact and communicate with you</li>\n<li>to enable you to access and use our website, associated applications, and associated social media platforms</li>\n<li>for internal record keeping and administrative purposes</li>\n<li>for security and fraud prevention, and to ensure that our sites and apps are safe, secure, and used in line with our terms of use</li>\n</ul>\n<p>Please be aware that we may combine information we collect about you with general information or research data we receive from other trusted sources.</p>\n<h4>Security of Your Personal Information</h4>\n<p>When we collect and process personal information, and while we retain this information, we will protect it within commercially acceptable means to prevent loss and theft, as well as unauthorized access, disclosure, copying, use, or modification.</p>\n<p>Although we will do our best to protect the personal information you provide to us, we advise that no method of electronic transmission or storage is 100% secure, and no one can guarantee absolute data security. We will comply with laws applicable to us in respect of any data breach.</p>\n<p>You are responsible for selecting any password and its overall security strength, ensuring the security of your own information within the bounds of our services.</p>\n<h4>How Long We Keep Your Personal Information</h4>\n<p>We keep your personal information only for as long as we need to. This time period may depend on what we are using your information for, in accordance with this privacy policy. If your personal information is no longer required, we will delete it or make it anonymous by removing all details that identify you.</p>\n<p>However, if necessary, we may retain your personal information for our compliance with a legal, accounting, or reporting obligation or for archiving purposes in the public interest, scientific, or historical research purposes or statistical purposes.</p>\n<h3>Children’s Privacy</h3>\n<p>We do not aim any of our products or services directly at children under the age of 13, and we do not knowingly collect personal information about children under 13.</p>\n<h3>Disclosure of Personal Information to Third Parties</h3>\n<p>We may disclose personal information to:</p>\n<ul>\n<li>a parent, subsidiary, or affiliate of our company</li>\n<li>third party service providers for the purpose of enabling them to provide their services, for example, IT service providers, data storage, hosting and server providers, advertisers, or analytics platforms</li>\n<li>our employees, contractors, and/or related entities</li>\n<li>our existing or potential agents or business partners</li>\n<li>sponsors or promoters of any competition, sweepstakes, or promotion we run</li>\n<li>courts, tribunals, regulatory authorities, and law enforcement officers, as required by law, in connection with any actual or prospective legal proceedings, or in order to establish, exercise, or defend our legal rights</li>\n<li>third parties, including agents or sub-contractors, who assist us in providing information, products, services, or direct marketing to you third parties to collect and process data</li>\n</ul>\n<h3>International Transfers of Personal Information</h3>\n<p>The personal information we collect is stored and/or processed where we or our partners, affiliates, and third-party providers maintain facilities. Please be aware that the locations to which we store, process, or transfer your personal information may not have the same data protection laws as the country in which you initially provided the information. If we transfer your personal information to third parties in other countries: (i) we will perform those transfers in accordance with the requirements of applicable law; and (ii) we will protect the transferred personal information in accordance with this privacy policy.</p>\n<h3>Your Rights and Controlling Your Personal Information</h3>\n<p>You always retain the right to withhold personal information from us, with the understanding that your experience of our website may be affected. We will not discriminate against you for exercising any of your rights over your personal information. If you do provide us with personal information you understand that we will collect, hold, use and disclose it in accordance with this privacy policy. You retain the right to request details of any personal information we hold about you.</p>\n<p>If we receive personal information about you from a third party, we will protect it as set out in this privacy policy. If you are a third party providing personal information about somebody else, you represent and warrant that you have such person’s consent to provide the personal information to us.</p>\n<p>If you have previously agreed to us using your personal information for direct marketing purposes, you may change your mind at any time. We will provide you with the ability to unsubscribe from our email-database or opt out of communications. Please be aware we may need to request specific information from you to help us confirm your identity.</p>\n<p>If you believe that any information we hold about you is inaccurate, out of date, incomplete, irrelevant, or misleading, please contact us using the details provided in this privacy policy. We will take reasonable steps to correct any information found to be inaccurate, incomplete, misleading, or out of date.</p>\n<p>If you believe that we have breached a relevant data protection law and wish to make a complaint, please contact us using the details below and provide us with full details of the alleged breach. We will promptly investigate your complaint and respond to you, in writing, setting out the outcome of our investigation and the steps we will take to deal with your complaint. You also have the right to contact a regulatory body or data protection authority in relation to your complaint.</p>\n<h3>Use of Cookies</h3>\n<p>We use “cookies” to collect information about you and your activity across our site. A cookie is a small piece of data that our website stores on your computer, and accesses each time you visit, so we can understand how you use our site. This helps us serve you content based on preferences you have specified.</p>\n<h3>Limits of Our Policy</h3>\n<p>Our website may link to external sites that are not operated by us. Please be aware that we have no control over the content and policies of those sites, and cannot accept responsibility or liability for their respective privacy practices.</p>\n<h3>Changes to This Policy</h3>\n<p>At our discretion, we may change our privacy policy to reflect updates to our business processes, current acceptable practices, or legislative or regulatory changes. If we decide to change this privacy policy, we will post the changes here at the same link by which you are accessing this privacy policy.</p>\n<p>If required by law, we will get your permission or give you the opportunity to opt in to or opt out of, as applicable, any new uses of your personal information.</p>', '2021-08-31 10:42:32', '2021-09-05 14:27:37'),
(2, 2, 'English', 'Terms & Condition', '<h2><strong>Terms and Conditions</strong></h2>\r\n<p>Welcome to LivoBank!</p>\r\n<p>These terms and conditions outline the rules and regulations for the use of Livo Bank\'s Website, located at https://livo-bank.trickycode.xyz.</p>\r\n<p>By accessing this website we assume you accept these terms and conditions. Do not continue to use LivoBank if you do not agree to take all of the terms and conditions stated on this page.</p>\r\n<p>The following terminology applies to these Terms and Conditions, Privacy Statement and Disclaimer Notice and all Agreements: \"Client\", \"You\" and \"Your\" refers to you, the person log on this website and compliant to the Company’s terms and conditions. \"The Company\", \"Ourselves\", \"We\", \"Our\" and \"Us\", refers to our Company. \"Party\", \"Parties\", or \"Us\", refers to both the Client and ourselves. All terms refer to the offer, acceptance and consideration of payment necessary to undertake the process of our assistance to the Client in the most appropriate manner for the express purpose of meeting the Client’s needs in respect of provision of the Company’s stated services, in accordance with and subject to, prevailing law of Netherlands. Any use of the above terminology or other words in the singular, plural, capitalization and/or he/she or they, are taken as interchangeable and therefore as referring to same.</p>\r\n<h3><strong>Cookies</strong></h3>\r\n<p>We employ the use of cookies. By accessing LivoBank, you agreed to use cookies in agreement with the Livo Bank\'s Privacy Policy.</p>\r\n<p>Most interactive websites use cookies to let us retrieve the user’s details for each visit. Cookies are used by our website to enable the functionality of certain areas to make it easier for people visiting our website. Some of our affiliate/advertising partners may also use cookies.</p>\r\n<h3><strong>License</strong></h3>\r\n<p>Unless otherwise stated, Livo Bank and/or its licensors own the intellectual property rights for all material on LivoBank. All intellectual property rights are reserved. You may access this from LivoBank for your own personal use subjected to restrictions set in these terms and conditions.</p>\r\n<p>You must not:</p>\r\n<ul>\r\n<li>Republish material from LivoBank</li>\r\n<li>Sell, rent or sub-license material from LivoBank</li>\r\n<li>Reproduce, duplicate or copy material from LivoBank</li>\r\n<li>Redistribute content from LivoBank</li>\r\n</ul>\r\n<p>This Agreement shall begin on the date hereof. Our Terms and Conditions were created with the help of the <a href=\"https://www.termsandconditionsgenerator.com\">Terms And Conditions Generator</a>.</p>\r\n<p>Parts of this website offer an opportunity for users to post and exchange opinions and information in certain areas of the website. Livo Bank does not filter, edit, publish or review Comments prior to their presence on the website. Comments do not reflect the views and opinions of Livo Bank,its agents and/or affiliates. Comments reflect the views and opinions of the person who post their views and opinions. To the extent permitted by applicable laws, Livo Bank shall not be liable for the Comments or for any liability, damages or expenses caused and/or suffered as a result of any use of and/or posting of and/or appearance of the Comments on this website.</p>\r\n<p>Livo Bank reserves the right to monitor all Comments and to remove any Comments which can be considered inappropriate, offensive or causes breach of these Terms and Conditions.</p>\r\n<p>You warrant and represent that:</p>\r\n<ul>\r\n<li>You are entitled to post the Comments on our website and have all necessary licenses and consents to do so;</li>\r\n<li>The Comments do not invade any intellectual property right, including without limitation copyright, patent or trademark of any third party;</li>\r\n<li>The Comments do not contain any defamatory, libelous, offensive, indecent or otherwise unlawful material which is an invasion of privacy</li>\r\n<li>The Comments will not be used to solicit or promote business or custom or present commercial activities or unlawful activity.</li>\r\n</ul>\r\n<p>You hereby grant Livo Bank a non-exclusive license to use, reproduce, edit and authorize others to use, reproduce and edit any of your Comments in any and all forms, formats or media.</p>\r\n<h3><strong>Hyperlinking to our Content</strong></h3>\r\n<p>The following organizations may link to our Website without prior written approval:</p>\r\n<ul>\r\n<li>Government agencies;</li>\r\n<li>Search engines;</li>\r\n<li>News organizations;</li>\r\n<li>Online directory distributors may link to our Website in the same manner as they hyperlink to the Websites of other listed businesses; and</li>\r\n<li>System wide Accredited Businesses except soliciting non-profit organizations, charity shopping malls, and charity fundraising groups which may not hyperlink to our Web site.</li>\r\n</ul>\r\n<p>These organizations may link to our home page, to publications or to other Website information so long as the link: (a) is not in any way deceptive; (b) does not falsely imply sponsorship, endorsement or approval of the linking party and its products and/or services; and (c) fits within the context of the linking party’s site.</p>\r\n<p>We may consider and approve other link requests from the following types of organizations:</p>\r\n<ul>\r\n<li>commonly-known consumer and/or business information sources;</li>\r\n<li>dot.com community sites;</li>\r\n<li>associations or other groups representing charities;</li>\r\n<li>online directory distributors;</li>\r\n<li>internet portals;</li>\r\n<li>accounting, law and consulting firms; and</li>\r\n<li>educational institutions and trade associations.</li>\r\n</ul>\r\n<p>We will approve link requests from these organizations if we decide that: (a) the link would not make us look unfavorably to ourselves or to our accredited businesses; (b) the organization does not have any negative records with us; (c) the benefit to us from the visibility of the hyperlink compensates the absence of Livo Bank; and (d) the link is in the context of general resource information.</p>\r\n<p>These organizations may link to our home page so long as the link: (a) is not in any way deceptive; (b) does not falsely imply sponsorship, endorsement or approval of the linking party and its products or services; and (c) fits within the context of the linking party’s site.</p>\r\n<p>If you are one of the organizations listed in paragraph 2 above and are interested in linking to our website, you must inform us by sending an e-mail to Livo Bank. Please include your name, your organization name, contact information as well as the URL of your site, a list of any URLs from which you intend to link to our Website, and a list of the URLs on our site to which you would like to link. Wait 2-3 weeks for a response.</p>\r\n<p>Approved organizations may hyperlink to our Website as follows:</p>\r\n<ul>\r\n<li>By use of our corporate name; or</li>\r\n<li>By use of the uniform resource locator being linked to; or</li>\r\n<li>By use of any other description of our Website being linked to that makes sense within the context and format of content on the linking party’s site.</li>\r\n</ul>\r\n<p>No use of Livo Bank\'s logo or other artwork will be allowed for linking absent a trademark license agreement.</p>\r\n<h3><strong>iFrames</strong></h3>\r\n<p>Without prior approval and written permission, you may not create frames around our Webpages that alter in any way the visual presentation or appearance of our Website.</p>\r\n<h3><strong>Content Liability</strong></h3>\r\n<p>We shall not be hold responsible for any content that appears on your Website. You agree to protect and defend us against all claims that is rising on your Website. No link(s) should appear on any Website that may be interpreted as libelous, obscene or criminal, or which infringes, otherwise violates, or advocates the infringement or other violation of, any third party rights.</p>\r\n<h3><strong>Your Privacy</strong></h3>\r\n<p>Please read Privacy Policy</p>\r\n<h3><strong>Reservation of Rights</strong></h3>\r\n<p>We reserve the right to request that you remove all links or any particular link to our Website. You approve to immediately remove all links to our Website upon request. We also reserve the right to amen these terms and conditions and it’s linking policy at any time. By continuously linking to our Website, you agree to be bound to and follow these linking terms and conditions.</p>\r\n<h3><strong>Removal of links from our website</strong></h3>\r\n<p>If you find any link on our Website that is offensive for any reason, you are free to contact and inform us any moment. We will consider requests to remove links but we are not obligated to or so or to respond to you directly.</p>\r\n<p>We do not ensure that the information on this website is correct, we do not warrant its completeness or accuracy; nor do we promise to ensure that the website remains available or that the material on the website is kept up to date.</p>\r\n<h3><strong>Disclaimer</strong></h3>\r\n<p>To the maximum extent permitted by applicable law, we exclude all representations, warranties and conditions relating to our website and the use of this website. Nothing in this disclaimer will:</p>\r\n<ul>\r\n<li>limit or exclude our or your liability for death or personal injury;</li>\r\n<li>limit or exclude our or your liability for fraud or fraudulent misrepresentation;</li>\r\n<li>limit any of our or your liabilities in any way that is not permitted under applicable law; or</li>\r\n<li>exclude any of our or your liabilities that may not be excluded under applicable law.</li>\r\n</ul>\r\n<p>The limitations and prohibitions of liability set in this Section and elsewhere in this disclaimer: (a) are subject to the preceding paragraph; and (b) govern all liabilities arising under the disclaimer, including liabilities arising in contract, in tort and for breach of statutory duty.</p>\r\n<p>As long as the website and the information and services on the website are provided free of charge, we will not be liable for any loss or damage of any nature.</p>', '2021-08-31 10:44:42', '2021-09-05 14:34:10');


INSERT INTO `navigations` (`id`, `name`, `status`, `created_at`, `updated_at`) VALUES
(1, 'Primary Menu', 1, '2021-08-31 11:11:31', '2021-08-31 11:11:31'),
(2, 'Quick Explore', 1, '2021-08-31 18:11:36', '2021-08-31 18:11:36'),
(3, 'Pages', 1, '2021-08-31 18:11:43', '2021-09-04 16:22:30');


INSERT INTO `navigation_items` (`id`, `navigation_id`, `type`, `page_id`, `url`, `icon`, `target`, `parent_id`, `position`, `status`, `css_class`, `css_id`, `created_at`, `updated_at`) VALUES
(6, 1, 'dynamic_url', NULL, '/', NULL, '_self', NULL, 1, 1, NULL, NULL, '2021-08-31 17:17:46', '2021-08-31 17:28:52'),
(7, 1, 'dynamic_url', NULL, '/about', NULL, '_self', NULL, 2, 1, NULL, NULL, '2021-08-31 17:17:58', '2021-08-31 17:28:52'),
(8, 1, 'dynamic_url', NULL, '/services', NULL, '_self', NULL, 3, 1, NULL, NULL, '2021-08-31 17:18:44', '2021-08-31 17:28:52'),
(10, 1, 'dynamic_url', NULL, 'faq', NULL, '_self', NULL, 4, 1, NULL, NULL, '2021-08-31 17:19:27', '2021-09-04 16:20:28'),
(11, 1, 'dynamic_url', NULL, '/contact', NULL, '_self', NULL, 5, 1, NULL, NULL, '2021-08-31 17:19:43', '2021-09-04 16:20:28'),
(15, 2, 'dynamic_url', NULL, '/contact', NULL, '_self', NULL, 1, 1, NULL, NULL, '2021-08-31 18:12:42', '2021-09-04 16:22:17'),
(20, 2, 'dynamic_url', NULL, '/about', NULL, '_self', NULL, 2, 1, NULL, NULL, '2021-09-04 16:21:32', '2021-09-04 16:22:17'),
(21, 2, 'dynamic_url', NULL, '/services', NULL, '_self', NULL, 3, 1, NULL, NULL, '2021-09-04 16:22:06', '2021-09-04 16:22:17'),
(22, 3, 'page', 2, NULL, NULL, '_self', NULL, 2, 1, NULL, NULL, '2021-09-04 16:22:58', '2021-09-04 16:23:26'),
(23, 3, 'page', 1, NULL, NULL, '_self', NULL, 1, 1, NULL, NULL, '2021-09-04 16:23:10', '2021-09-04 16:23:26'),
(24, 3, 'dynamic_url', NULL, '/faq', NULL, '_self', NULL, 3, 1, NULL, NULL, '2021-09-04 16:23:20', '2021-09-04 16:23:26');



INSERT INTO `navigation_item_translations` (`id`, `navigation_item_id`, `locale`, `name`, `created_at`, `updated_at`) VALUES
(6, 6, 'English', 'Home', '2021-08-31 17:17:46', '2021-08-31 17:17:46'),
(7, 7, 'English', 'About', '2021-08-31 17:17:58', '2021-08-31 17:17:58'),
(8, 8, 'English', 'Services', '2021-08-31 17:18:44', '2021-08-31 17:18:44'),
(10, 10, 'English', 'FAQ', '2021-08-31 17:19:27', '2021-08-31 17:19:27'),
(11, 11, 'English', 'Contact', '2021-08-31 17:19:43', '2021-08-31 17:19:43'),
(15, 15, 'English', 'Contact', '2021-08-31 18:12:42', '2021-09-04 16:22:15'),
(26, 20, 'English', 'About', '2021-09-04 16:21:32', '2021-09-04 16:21:32'),
(27, 21, 'English', 'Services', '2021-09-04 16:22:06', '2021-09-04 16:22:06'),
(28, 22, 'English', 'Terms & Condition', '2021-09-04 16:22:58', '2021-09-04 16:22:58'),
(29, 23, 'English', 'Privacy Policy', '2021-09-04 16:23:10', '2021-09-04 16:23:10'),
(30, 24, 'English', 'FAQ', '2021-09-04 16:23:20', '2021-09-04 16:23:20');


INSERT INTO `services` (`id`, `icon`, `created_at`, `updated_at`) VALUES
(2, '<i class=\"icofont-paper-plane\"></i>', '2021-08-31 07:34:38', '2021-09-05 15:33:22'),
(3, '<i class=\"icofont-money\"></i>', '2021-08-31 07:35:33', '2021-09-05 11:29:47'),
(4, '<i class=\"icofont-exchange\"></i>', '2021-08-31 07:38:26', '2021-09-05 11:30:04'),
(5, '<i class=\"icofont-bank-alt\"></i>', '2021-08-31 07:38:44', '2021-09-05 11:30:19'),
(6, '<i class=\"icofont-file-text\"></i>', '2021-08-31 07:39:01', '2021-09-05 11:30:32'),
(7, '<i class=\"icofont-pay\"></i>', '2021-08-31 07:39:19', '2021-09-05 11:30:43');


INSERT INTO `service_translations` (`id`, `service_id`, `locale`, `title`, `body`, `created_at`, `updated_at`) VALUES
(1, 2, 'English', 'Money Transfer', 'We offers you secure and easy transfer. Transfer money between users within a minutes.', '2021-08-31 07:34:38', '2021-08-31 07:34:38'),
(2, 3, 'English', 'Multi Currency', 'We supports multi currency. Bank conveniently with currencies of your choice.', '2021-08-31 07:35:33', '2021-09-05 11:34:07'),
(3, 4, 'English', 'Exchange Currency', 'We offer lowest exchange fee so you can exchange your currency anytime.', '2021-08-31 07:38:26', '2021-08-31 07:38:26'),
(4, 5, 'English', 'Fixed Deposit', 'We offers long term investment and you will get good interest rate after maturity.', '2021-08-31 07:38:44', '2021-08-31 07:38:44'),
(5, 6, 'English', 'Apply Loan', 'We offers different types loan with low interest rate. You can get a loan easily.', '2021-08-31 07:39:01', '2021-08-31 07:39:01'),
(6, 7, 'English', 'Payment Request', 'You can make payment request to you customer for any types of product or services.', '2021-08-31 07:39:19', '2021-08-31 07:50:50');



INSERT INTO `settings` (`id`, `name`, `value`, `created_at`, `updated_at`) VALUES
(38, 'main_heading', 'Smart way to keep your money safe and secure', '2021-08-31 15:38:10', '2021-09-05 11:47:17'),
(39, 'sub_heading', 'Transfer money within minutes and save money for your future. All of your desired service in single platform.', '2021-08-31 15:39:15', '2021-09-05 11:47:17'),
(41, 'copyright', 'Copyright © 2021 <a href=\"#\" target=\"_blank\">Tricky Code</a>  -  All Rights Reserved.', '2021-08-31 15:39:15', '2021-09-05 11:24:45'),
(46, 'meta_keywords', '', '2021-08-31 15:39:15', '2021-08-31 15:39:15'),
(47, 'meta_content', '', '2021-08-31 15:39:15', '2021-08-31 15:39:15'),
(49, 'footer_about_us', 'Livo Bank is a micro banking system. We offers different types of financial services to our customers all over the world such as Loan, Wire transfer, Long term deposit, savings and some other related services.', '2021-08-31 15:58:14', '2021-09-05 11:24:45'),
(51, 'primary_menu', '1', '2021-08-31 17:30:14', '2021-08-31 17:30:14'),
(52, 'footer_menu_1', '2', '2021-08-31 17:30:14', '2021-08-31 18:13:31'),
(53, 'footer_menu_1_title', 'Quick Explore', '2021-09-01 06:50:56', '2021-09-01 06:50:56'),
(54, 'footer_menu_2_title', 'Pages', '2021-09-01 06:50:56', '2021-09-05 11:24:45'),
(55, 'footer_menu_2', '3', '2021-09-01 06:50:56', '2021-09-01 06:50:56'),
(56, 'home_about_us_heading', 'About Us', '2021-09-05 10:52:18', '2021-09-05 10:54:38'),
(58, 'home_service_content', 'You can choose any of our services', '2021-09-05 10:52:18', '2021-09-05 11:12:10'),
(59, 'home_fixed_deposit_heading', 'Fixed Deposit Plans', '2021-09-05 10:52:18', '2021-09-05 11:19:41'),
(60, 'home_fixed_deposit_content', 'You will get maximum rewards with us by making long term deposit', '2021-09-05 10:52:18', '2021-09-05 11:19:41'),
(61, 'home_loan_heading', 'Loan Packages', '2021-09-05 10:52:18', '2021-09-05 11:19:41'),
(62, 'home_loan_content', 'We offers different types loan with low interest rate. You will get hassle free loan easily.', '2021-09-05 10:52:18', '2021-09-05 11:19:41'),
(63, 'home_testimonial_heading', 'We served over 500+ Customers', '2021-09-05 10:52:18', '2021-09-05 11:19:41'),
(64, 'home_testimonial_content', '', '2021-09-05 10:52:18', '2021-09-05 11:19:41'),
(65, 'home_partner_heading', 'Partners who support us', '2021-09-05 10:52:18', '2021-09-05 11:19:41'),
(66, 'home_partner_content', '', '2021-09-05 10:52:18', '2021-09-05 11:19:41'),
(67, 'home_about_us_content', 'Livo Bank is a micro banking system. We offers different types of financial services to our customers all over the world. We have multiple branches to provide different services such as Loan, Wire transfer, Long term deposit, savings and some other related services.', '2021-09-05 10:54:15', '2021-09-05 10:54:15'),
(68, 'home_service_heading', 'Our Services', '2021-09-05 10:54:38', '2021-09-05 11:12:10'),
(69, 'total_customer', '500', '2021-09-05 11:06:39', '2021-09-05 11:08:10'),
(70, 'total_branch', '5', '2021-09-05 11:06:39', '2021-09-05 11:11:53'),
(71, 'total_transactions', '1', '2021-09-05 11:06:39', '2021-09-05 11:11:53'),
(72, 'total_countries', '200', '2021-09-05 11:06:39', '2021-09-05 11:11:53'),
(73, 'about_page_title', ' Who We Are', '2021-09-05 15:07:18', '2021-09-05 15:07:18'),
(74, 'our_team_title', 'Meet Our Team', '2021-09-05 15:07:18', '2021-09-05 15:07:18'),
(75, 'our_team_sub_title', '', '2021-09-05 15:07:18', '2021-09-05 15:07:18'),
(76, 'about_us_content', '<p>Livo Bank is a micro banking system. We offers different types of financial services to our customers all over the world. </p><p>We have multiple branches to provide different services such as Loan, Wire transfer, Long term deposit, savings and some other related services.</p>', '2021-09-05 15:08:15', '2021-09-05 15:08:15'),
(77, 'privacy_policy_page', 'privacy-policy', '2022-06-01 15:07:18', '2022-06-01 15:07:18'),
(78, 'terms_condition_page', 'terms-condition', '2022-06-01 15:07:18', '2022-06-01 15:07:18');